Workbook
Name \\\\\\\\\\\\\\\\\\\\\: #REF!
Name \\\\\\\\\\\\\\\\\\\\\: #REF!
Name \a: #REF!
Name \a: #REF!
Name \b: #N/A
Name \c: #REF!
Name \c: #REF!
Name \e: #N/A
Name \h: #REF!
Name \h: #REF!
Name \l: #REF!
Name \l: #REF!
Name \p: #N/A
Name \q: #N/A
Name \w: #N/A
Name \z: #N/A
Name _________str1: #REF!
Name _________str1: #REF!
Name _________str2: #REF!
Name _________str2: #REF!
Name _________str3: #REF!
Name _________str3: #REF!
Name ________str1: #REF!
Name ________str1: #REF!
Name ________str2: #REF!
Name ________str2: #REF!
Name ________str3: #REF!
Name ________str3: #REF!
Name ________TP2: #REF!
Name ________TP2: #REF!
Name _______day12: #REF!
Name _______day12: #REF!
Name _______day13: #REF!
Name _______day13: #REF!
Name _______day19: #REF!
Name _______day19: #REF!
Name _______day2: #REF!
Name _______day2: #REF!
Name _______DOO1: #REF!
Name _______DOO1: #REF!
Name _______FAC1: [2]สรุป!$C$307
Name _______str1: #REF!
Name _______str1: #REF!
Name _______str2: #REF!
Name _______str2: #REF!
Name _______str3: #REF!
Name _______str3: #REF!
Name _______TP2: #REF!
Name _______TP2: #REF!
Name _______WIN1: #REF!
Name _______WIN1: #REF!
Name ______day12: #REF!
Name ______day12: #REF!
Name ______day13: #REF!
Name ______day13: #REF!
Name ______day19: #REF!
Name ______day19: #REF!
Name ______day2: #REF!
Name ______day2: #REF!
Name ______day3: #REF!

Sheet 4072_Cutlot_Full
A1: โครงการ ……xxxxxxxxx….. (xxxx)
A2: Block | B2: แปลง SAP | C2: จำนวน Units | D2: ชื่อแบบบ้าน | E2: Phase 1_Paymet ช่วยเหลือพิเศษ 31 มีนาคม 2565 | H2: Phase 2_BOQ ฉบับปรับค่าแรง ปี 2565 | I2: หมายเหตุ
E3: CASE 1 | F3: CASE 2 | G3: CASE 3 | H3: 1 ม.ค. -31ธ.ค. 65 | X3: Forcast ค่าวัสดุ และค่าแรง 2024
E4: 1 ต.ค. -31 ธ.ค. 64 | F4: 1 ม.ค. -31 มี.ค. 65 | G4: 1 เม.ย. -31ธ.ค. 65 | X4: AP BUY | Y4: Payment | AC4: PREPARED BY BM | AG4: AGREED BY BG
E5: งวดงานปิดฝ้า | F5: งวดงานปิดฝ้า | G5: งวดงานปิดฝ้า | H5: ใบเริ่มงานก่อสร้าง งวดที่ 1 | K5: หน้า Budget | L5: SAP Budget Gate #3 | M5: Assigned | Q5: Case 1 | R5: Case 2 | S5: เพิ่มเหล็กเส้น | T5: เพิ่มประตู-หน้า Aluminuim | U5: เพิ่มงานเสาเข็มเจาะ | V5: เพิ่มเจาะช่องหน้าต่าง | W5: Forecast 1% | X5: AP | Y5: P | Z5: BOQ Y2023 Forcast [2.1+2.2+2.3+2.4+2.5+2.6+2.7+2.8+2.9] | AA5: ส่วนต่างForcast- SAP Budget | AC5: รวม Budget ที่ต้องเพิ่ม CO-01 | AD5: รวม Budget ที่ใช้งบ CO-C1 | AE5: บ้านโอนแล้ว | AG5: =+AC5 -> รวม Budget ที่ต้องเพิ่ม CO-01 | AH5: =+AD5 -> รวม Budget ที่ใช้งบ CO-C1 | AJ5: เงินประกันงานซ่อม 1% CO-A1
L6: [1] | N6: คงเหลือ | Q6: [2.1] | R6: [2.2] | S6: [ 2.3 ] | T6: [2.4] | U6: [2.5] | V6: [ 2.6 ] | W6: [2.7] | X6: [2.8] | Y6: [2.9] | Z6: [ 2 ] | AA6: [2] - [1] | AG6: =+AC6 -> 0 | AH6: =IF(AE6>1,IF(AA6>0,AA6,0),0) -> 0
AG7: =+AC7 -> 0 | AH7: =IF(AE7>1,IF(AA7>0,AA7,0),0) -> 0
A8: ="4/022-CO-01-"&B8 -> 4/022-CO-01-A01-R-001 | B8: A01-R-001 | C8: 2 | D8: PN2020_TW2F_11.4B_35.35 | E8: - | F8: - | G8: ยกเลิก | H8: / | I8: ใช้ BOQ ฉบับปรับค่าแรง ปี 2565 | J8: =+C8&D8 -> 2PN2020_TW2F_11.4B_35.35 | K8: 2412509.5 | L8: 2455847 | M8: 2412509.5 | N8: =+L8-M8 -> 43337.52 | O8: =+L8-K8 -> 43337.52 | S8: 7500 | V8: 0 | W8: =ROUND(L8*1.5%,-3)-1165 -> 35835 | X8: 1180949.5 | Y8: 1231560 | Z8: =ROUND(SUM(Q8:Y8),0) -> 2455844 | AA8: =+Z8-L8 -> -3 | AB8: =+AA8/L8 -> -1.2215745e-06 | AC8: =IF(AE8>=1,"บ้านโอนแล้ว",IF(AA8<0,"งบเพียงพอ",AA8)) -> บ้านโอนแล้ว | AE8: 2 | AG8: =+AC8 -> บ้านโอนแล้ว | AH8: =IF(AE8>1,IF(AA8>0,AA8,0),0) -> 0 | AJ8: 12440 | AK8: B4072W35C20
A9: ="4/022-CO-01-"&B9 -> 4/022-CO-01-A02-R-001 | B9: A02-R-001 | C9: 2 | D9: PN2020_TW2F_11.4B_35.35 | E9: - | F9: - | G9: ยกเลิก | H9: / | I9: ใช้ BOQ ฉบับปรับค่าแรง ปี 2565 | J9: =+C9&D9 -> 2PN2020_TW2F_11.4B_35.35 | K9: 2413679.3 | L9: 2457310 | M9: 2413679.3 | N9: =+L9-M9 -> 43630.71 | O9: =+L9-K9 -> 43630.71 | S9: 7500 | V9: 0 | W9: =ROUND(L9*1.5%,-3)-1030 -> 35970 | X9: 1182169.9 | Y9: 1231560 | Z9: =ROUND(SUM(Q9:Y9),0) -> 2457200 | AA9: =+Z9-L9 -> -110 | AB9: =+AA9/L9 -> -4.4764397e-05 | AC9: =IF(AE9>=1,"บ้านโอนแล้ว",IF(AA9<0,"งบเพียงพอ",AA9)) -> บ้านโอนแล้ว | AE9: 2 | AG9: =+AC9 -> บ้านโอนแล้ว | AH9: =IF(AE9>1,IF(AA9>0,AA9,0),0) -> 0 | AJ9: 12440 | AK9: B4072W35C20
A10: ="4/022-CO-01-"&B10 -> 4/022-CO-01-A03-R-001 | B10: A03-R-001 | C10: 2 | D10: PN2020_TW2F_11.4B_35.35 | E10: - | F10: - | G10: ยกเลิก | H10: / | I10: ใช้ BOQ ฉบับปรับค่าแรง ปี 2565 | J10: =+C10&D10 -> 2PN2020_TW2F_11.4B_35.35 | K10: 2344314.8 | L10: 2454661 | M10: 2314313.4 | N10: =+L10-M10 -> 140347.57 | O10: =+L10-K10 -> 110346.24 | S10: 7500 | V10: 0 | W10: =ROUND(L10*1.5%,-3) -> 37000 | X10: 1179897.9 | Y10: 1231560 | Z10: =ROUND(SUM(Q10:Y10),0) -> 2455958 | AA10: =+Z10-L10 -> 1297 | AB10: =+AA10/L10 -> 0.00052838253 | AC10: =IF(AE10>=1,"บ้านโอนแล้ว",IF(AA10<0,"งบเพียงพอ",AA10)) -> บ้านโอนแล้ว | AE10: 2 | AG10: =+AC10 -> บ้านโอนแล้ว | AH10: =IF(AE10>1,IF(AA10>0,AA10,0),0) -> 1297 | AJ10: 12440 | AK10: B4072W35C20
A11: ="4/022-CO-01-"&B11 -> 4/022-CO-01-A04-R-001 | B11: A04-R-001 | C11: 2 | D11: PN2020_TW2F_11.4B_35.35 | E11: - | F11: - | G11: ยกเลิก | H11: / | I11: ใช้ BOQ ฉบับปรับค่าแรง ปี 2565 | J11: =+C11&D11 -> 2PN2020_TW2F_11.4B_35.35 | K11: 2413006 | L11: 2453728 | M11: 2413006 | N11: =+L11-M11 -> 40722 | O11: =+L11-K11 -> 40722 | S11: 7500 | V11: 0 | W11: =ROUND(L11*1.5%,-3)-3780-60 -> 33160 | X11: 1181448.4 | Y11: 1231560 | Z11: =ROUND(SUM(Q11:Y11),0) -> 2453668 | AA11: =+Z11-L11 -> -60 | AB11: =+AA11/L11 -> -2.4452588e-05 | AC11: =IF(AE11>=1,"บ้านโอนแล้ว",IF(AA11<0,"งบเพียงพอ",AA11)) -> บ้านโอนแล้ว | AE11: 1 | AG11: =+AC11 -> บ้านโอนแล้ว | AH11: =IF(AE11>1,IF(AA11>0,AA11,0),0) -> 0 | AJ11: 12440 | AK11: B4072W35C20
AG40: =+AC40 -> 0 | AH40: =IF(AE40>1,IF(AA40>0,AA40,0),0) -> 0
AG41: =+AC41 -> 0 | AH41: =IF(AE41>1,IF(AA41>0,AA41,0),0) -> 0
AG42: =+AC42 -> 0 | AH42: =IF(AE42>1,IF(AA42>0,AA42,0),0) -> 0
AG43: =+AC43 -> 0 | AH43: =IF(AE43>1,IF(AA43>0,AA43,0),0) -> 0
C44: =SUM(C6:C43) -> 8 | K44: =SUM(K6:K43) -> 9583509.5 | L44: =SUM(L6:L43) -> 9821546 | W44: =SUM(W6:W43) -> 141965 | X44: =SUM(X6:X43) -> 4724465.7 | Y44: =SUM(Y6:Y43) -> 4926240 | Z44: =SUM(Z6:Z43) -> 9822670 | AA44: =SUM(AA6:AA43) -> 1124 | AB44: =+AA44/L44 -> 0.00011444227 | AC44: =SUM(AC6:AC43) -> 0 | AD44: =SUM(AD6:AD43) -> 0 | AE44: =SUM(AE6:AE43) -> 7 | AG44: =SUM(AG6:AG43) -> 0 | AH44: =SUM(AH6:AH43) -> 1297 | AJ44: =SUM(AJ6:AJ43) -> 49760

Sheet GPTemplate
A1: โครงการ ……xxxxxxxxx….. (xxxx)
A3: Block | B3: จำนวน Units | R3: ใช้ข้อมูลต้นทุนในการ Import
D4: โหลด จาก SAP | F4: โหลด จาก SAP | G4: Manual BOQ | M4: โหลด จาก SAP | O4: PREPARED BY BM | R4: AGREED BY BG
D5: [1] | F5: [2.1] | G5: [2.2] | H5: [2]=[2.1]+[2.2] | J5: [3] =[2] - [1]
D6: SAP Budget Gate #3 | F6: AP BUY | G6: Payment | H6: Total Actual Budget Forcast | J6: ส่วนต่าง Budget | M6: สถานะบ้าน โอน | O6: รวม Budget ที่ต้องเพิ่ม CO-01 | P6: รวม Budget ที่ใช้งบ CO-C1 | R6: รวม Budget ที่ต้องเพิ่ม CO-01 | S6: รวม Budget ที่ใช้งบ CO-C1
A9: 4/022-CO-01-A01-R-001 | B9: 5 | D9: =SUMIF('4072_Cutlot_Full'!$A:$A,$A9,'4072_Cutlot_Full'!L:L) -> 2455847 | F9: =SUMIF('4072_Cutlot_Full'!$A:$A,$A9,'4072_Cutlot_Full'!X:X) -> 1180949.5 | G9: =SUMIF('4072_Cutlot_Full'!$A:$A,$A9,'4072_Cutlot_Full'!Y:Y) -> 1231560 | H9: =SUM(F9:G9) -> 2412509.5 | J9: =+H9-D9 -> -43337.51 | K9: =IF(M9>=1,"บ้านโอนแล้ว",IF(J9<0,"งบเพียงพอ","ต้องเพิ่มงบ")) -> บ้านโอนแล้ว | M9: =SUMIF('4072_Cutlot_Full'!A:A,A9,'4072_Cutlot_Full'!AE:AE) -> 2 | O9: =IF($K9="งบเพียงพอ",0,IF($K9="บ้านโอนแล้ว",IF($J9>0,IF($K9="บ้านโอนแล้ว",0),0),$J9)) -> 0 | P9: =IF($K9="งบเพียงพอ",0,IF($K9="บ้านโอนแล้ว",IF(J9>0,J9,0),0)) -> 0 | R9: =+O9 -> 0 | S9: =+P9 -> 0
A10: 4/022-CO-01-A02-R-001 | B10: 5 | D10: =SUMIF('4072_Cutlot_Full'!$A:$A,$A10,'4072_Cutlot_Full'!L:L) -> 2457310 | F10: =SUMIF('4072_Cutlot_Full'!$A:$A,$A10,'4072_Cutlot_Full'!X:X) -> 1182169.9 | G10: =SUMIF('4072_Cutlot_Full'!$A:$A,$A10,'4072_Cutlot_Full'!Y:Y) -> 1231560 | H10: =SUM(F10:G10) -> 2413729.9 | J10: =+H10-D10 -> -43580.133 | K10: =IF(M10>=1,"บ้านโอนแล้ว",IF(J10<0,"งบเพียงพอ","ต้องเพิ่มงบ")) -> บ้านโอนแล้ว | M10: =SUMIF('4072_Cutlot_Full'!A:A,A10,'4072_Cutlot_Full'!AE:AE) -> 2 | O10: =IF($K10="งบเพียงพอ",0,IF($K10="บ้านโอนแล้ว",IF($J10>0,IF($K10="บ้านโอนแล้ว",0),0),$J10)) -> 0 | P10: =IF($K10="งบเพียงพอ",0,IF($K10="บ้านโอนแล้ว",IF(J10>0,J10,0),0)) -> 0 | R10: =+O10 -> 0 | S10: =+P10 -> 0
A11: 4/022-CO-01-A03-R-001 | B11: 8 | D11: =SUMIF('4072_Cutlot_Full'!$A:$A,$A11,'4072_Cutlot_Full'!L:L) -> 2454661 | F11: =SUMIF('4072_Cutlot_Full'!$A:$A,$A11,'4072_Cutlot_Full'!X:X) -> 1179897.9 | G11: =SUMIF('4072_Cutlot_Full'!$A:$A,$A11,'4072_Cutlot_Full'!Y:Y) -> 1231560 | H11: =SUM(F11:G11) -> 2411457.9 | J11: =+H11-D11 -> -43203.081 | K11: =IF(M11>=1,"บ้านโอนแล้ว",IF(J11<0,"งบเพียงพอ","ต้องเพิ่มงบ")) -> บ้านโอนแล้ว | M11: =SUMIF('4072_Cutlot_Full'!A:A,A11,'4072_Cutlot_Full'!AE:AE) -> 2 | O11: =IF($K11="งบเพียงพอ",0,IF($K11="บ้านโอนแล้ว",IF($J11>0,IF($K11="บ้านโอนแล้ว",0),0),$J11)) -> 0 | P11: =IF($K11="งบเพียงพอ",0,IF($K11="บ้านโอนแล้ว",IF(J11>0,J11,0),0)) -> 0 | R11: =+O11 -> 0 | S11: =+P11 -> 0
A12: 4/022-CO-01-A04-R-001 | B12: 8 | D12: =SUMIF('4072_Cutlot_Full'!$A:$A,$A12,'4072_Cutlot_Full'!L:L) -> 2453728 | F12: =SUMIF('4072_Cutlot_Full'!$A:$A,$A12,'4072_Cutlot_Full'!X:X) -> 1181448.4 | G12: =SUMIF('4072_Cutlot_Full'!$A:$A,$A12,'4072_Cutlot_Full'!Y:Y) -> 1231560 | H12: =SUM(F12:G12) -> 2413008.4 | J12: =+H12-D12 -> -40719.581 | K12: =IF(M12>=1,"บ้านโอนแล้ว",IF(J12<0,"งบเพียงพอ","ต้องเพิ่มงบ")) -> บ้านโอนแล้ว | M12: =SUMIF('4072_Cutlot_Full'!A:A,A12,'4072_Cutlot_Full'!AE:AE) -> 1 | O12: =IF($K12="งบเพียงพอ",0,IF($K12="บ้านโอนแล้ว",IF($J12>0,IF($K12="บ้านโอนแล้ว",0),0),$J12)) -> 0 | P12: =IF($K12="งบเพียงพอ",0,IF($K12="บ้านโอนแล้ว",IF(J12>0,J12,0),0)) -> 0 | R12: =+O12 -> 0 | S12: =+P12 -> 0
B45: =SUM(B9:B44) -> 26 | D45: =SUM(D9:D44) -> 9821546 | F45: =SUM(F9:F44) -> 4724465.7 | G45: =SUM(G9:G44) -> 4926240 | H45: =SUM(H9:H44) -> 9650705.7 | J45: =SUM(J9:J44) -> -170840.3 | O45: =SUM(O9:O44) -> 0 | P45: =SUM(P9:P44) -> 0 | R45: =SUM(R9:R44) -> 0 | S45: =SUM(S9:S44) -> 0
